{
	"info": {
		"_postman_id": "9878e2f2-bded-4dfc-b20c-a48557dfa305",
		"name": "User",
		"description": "# 🚀 Get started here\n\nThis template guides you through CRUD operations (GET, POST, PUT, DELETE), variables, and tests.\n\n## 🔖 **How to use this template**\n\n#### **Step 1: Send requests**\n\nRESTful APIs allow you to perform CRUD operations using the POST, GET, PUT, and DELETE HTTP methods.\n\nThis collection contains each of these request types. Open each request and click \"Send\" to see what happens.\n\n#### **Step 2: View responses**\n\nObserve the response tab for status code (200 OK), response time, and size.\n\n#### **Step 3: Send new Body data**\n\nUpdate or add new data in \"Body\" in the POST request. Typically, Body data is also used in PUT request.\n\n```\n{\n    \"name\": \"Add your name in the body\"\n}\n\n```\n\n#### **Step 4: Update the variable**\n\nVariables enable you to store and reuse values in Postman. We have created a variable called `base_url` with the sample request [https://postman-api-learner.glitch.me](https://postman-api-learner.glitch.me). Replace it with your API endpoint to customize this collection.\n\n#### **Step 5: Add tests in the \"Tests\" tab**\n\nTests help you confirm that your API is working as expected. You can write test scripts in JavaScript and view the output in the \"Test Results\" tab.\n\n<img src=\"https://content.pstmn.io/b5f280a7-4b09-48ec-857f-0a7ed99d7ef8/U2NyZWVuc2hvdCAyMDIzLTAzLTI3IGF0IDkuNDcuMjggUE0ucG5n\">\n\n## 💪 Pro tips\n\n- Use folders to group related requests and organize the collection.\n- Add more scripts in \"Tests\" to verify if the API works as expected and execute flows.\n    \n\n## ℹ️ Resources\n\n[Building requests](https://learning.postman.com/docs/sending-requests/requests/)  \n[Authorizing requests](https://learning.postman.com/docs/sending-requests/authorization/)  \n[Using variables](https://learning.postman.com/docs/sending-requests/variables/)  \n[Managing environments](https://learning.postman.com/docs/sending-requests/managing-environments/)  \n[Writing scripts](https://learning.postman.com/docs/writing-scripts/intro-to-scripts/)",
		"schema": "https://schema.getpostman.com/json/collection/v2.1.0/collection.json",
		"_exporter_id": "26130117"
	},
	"item": [
		{
			"name": "GET User info",
			"event": [
				{
					"listen": "test",
					"script": {
						"exec": [
							"pm.test(\"Status code is 200\", function () {",
							"    pm.response.to.have.status(200);",
							"});"
						],
						"type": "text/javascript"
					}
				}
			],
			"request": {
				"method": "GET",
				"header": [],
				"url": {
					"raw": "http://localhost:8081/trello/allUsers",
					"protocol": "http",
					"host": [
						"localhost"
					],
					"port": "8081",
					"path": [
						"trello",
						"allUsers"
					]
				},
				"description": "This is a GET request and it is used to \"get\" data from an endpoint. There is no request body for a GET request, but you can use query parameters to help specify the resource you want data on (e.g., in this request, we have `id=1`).\n\nA successful GET response will have a `200 OK` status, and should include some kind of response body - for example, HTML web content or JSON data."
			},
			"response": [
				{
					"name": "GET User info",
					"originalRequest": {
						"method": "GET",
						"header": [],
						"url": {
							"raw": "http://localhost:8081/trello/allUsers",
							"protocol": "http",
							"host": [
								"localhost"
							],
							"port": "8081",
							"path": [
								"trello",
								"allUsers"
							]
						}
					},
					"status": "OK",
					"code": 200,
					"_postman_previewlanguage": "json",
					"header": [
						{
							"key": "Content-Type",
							"value": "application/json"
						},
						{
							"key": "Transfer-Encoding",
							"value": "chunked"
						},
						{
							"key": "Date",
							"value": "Thu, 02 Nov 2023 23:56:31 GMT"
						},
						{
							"key": "Keep-Alive",
							"value": "timeout=60"
						},
						{
							"key": "Connection",
							"value": "keep-alive"
						}
					],
					"cookie": [],
					"body": "[\n    {\n        \"name\": \"Rishitha\",\n        \"email\": \"rishitha@gmail.com\",\n        \"id\": 1\n    },\n    {\n        \"name\": \"Mukkesh\",\n        \"email\": \"mukkesh@gmail.com\",\n        \"id\": 2\n    },\n    {\n        \"name\": \"Indrani\",\n        \"email\": \"indrani@gmail.com\",\n        \"id\": 3\n    },\n    {\n        \"name\": \"John\",\n        \"email\": \"john@gmail.com\",\n        \"id\": 4\n    },\n    {\n        \"name\": \"Bob\",\n        \"email\": \"bob@gmail.com\",\n        \"id\": 5\n    }\n]"
				}
			]
		},
		{
			"name": "POST User info",
			"event": [
				{
					"listen": "test",
					"script": {
						"exec": [
							"pm.test(\"Successful POST request\", function () {",
							"    pm.expect(pm.response.code).to.be.oneOf([200, 201]);",
							"});",
							""
						],
						"type": "text/javascript"
					}
				}
			],
			"request": {
				"method": "POST",
				"header": [],
				"body": {
					"mode": "formdata",
					"formdata": [
						{
							"key": "suid",
							"value": "5",
							"type": "text"
						},
						{
							"key": "name",
							"value": "Bob",
							"type": "text"
						},
						{
							"key": "email",
							"value": "bob@gmail.com",
							"type": "text"
						}
					]
				},
				"url": {
					"raw": "http://localhost:8081/trello/addUser",
					"protocol": "http",
					"host": [
						"localhost"
					],
					"port": "8081",
					"path": [
						"trello",
						"addUser"
					]
				},
				"description": "This is a POST request, submitting data to an API via the request body. This request submits JSON data, and the data is reflected in the response.\n\nA successful POST request typically returns a `200 OK` or `201 Created` response code."
			},
			"response": [
				{
					"name": "POST User info",
					"originalRequest": {
						"method": "POST",
						"header": [],
						"body": {
							"mode": "formdata",
							"formdata": [
								{
									"key": "suid",
									"value": "5",
									"type": "text"
								},
								{
									"key": "name",
									"value": "Bob",
									"type": "text"
								},
								{
									"key": "email",
									"value": "bob@gmail.com",
									"type": "text"
								}
							],
							"options": {
								"raw": {
									"language": "json"
								}
							}
						},
						"url": {
							"raw": "http://localhost:8081/trello/addUser",
							"protocol": "http",
							"host": [
								"localhost"
							],
							"port": "8081",
							"path": [
								"trello",
								"addUser"
							]
						}
					},
					"status": "OK",
					"code": 200,
					"_postman_previewlanguage": "json",
					"header": [
						{
							"key": "Content-Type",
							"value": "application/json"
						},
						{
							"key": "Transfer-Encoding",
							"value": "chunked"
						},
						{
							"key": "Date",
							"value": "Fri, 03 Nov 2023 00:46:00 GMT"
						},
						{
							"key": "Keep-Alive",
							"value": "timeout=60"
						},
						{
							"key": "Connection",
							"value": "keep-alive"
						}
					],
					"cookie": [],
					"body": "{\n    \"status\": \"success\",\n    \"message\": \"User saved successfully.\",\n    \"suid\": 5\n}"
				}
			]
		}
	],
	"event": [
		{
			"listen": "prerequest",
			"script": {
				"type": "text/javascript",
				"exec": [
					""
				]
			}
		},
		{
			"listen": "test",
			"script": {
				"type": "text/javascript",
				"exec": [
					""
				]
			}
		}
	],
	"variable": [
		{
			"key": "id",
			"value": "1"
		},
		{
			"key": "base_url",
			"value": "https://postman-rest-api-learner.glitch.me/"
		}
	]
}